id;service_id;title;content;note_order;del_flag;create_by_id;create_by_name;create_time;last_modifier_id;last_modifier_name;last_modify_time
1;25330;Sports;bifurcated compress;79744;76676;Leone auxiliary Books;capacitor;2021-01-06T15:43:49;Fantastic United Arab Emirates port;Fork;2021-01-06T11:23:21
2;6332;Cambridgeshire quantifying Berkshire;circuit Steel;52950;25321;Mission Assurance;bypass Customer;2021-01-06T06:48:16;compressing;primary mobile;2021-01-06T06:52:59
3;52602;virtual;e-services Division 24/365;18772;49216;overriding deliverables;haptic Exclusive;2021-01-06T04:50:43;payment;Meadows innovate;2021-01-06T12:44:25
4;71011;back-end;Incredible Forward Home Loan Account;5561;61420;overriding generate markets;grey Gorgeous bypassing;2021-01-06T03:15:19;Home port Generic;support;2021-01-06T05:20:50
5;47674;Cocos (Keeling) Islands Configuration feed;calculating;10002;54459;HTTP bypass;attitude Specialist;2021-01-06T12:48:27;online;compressing;2021-01-06T23:28:54
6;63621;Kids;utilize Burg Checking Account;91755;43386;customized;optical Montenegro Granite;2021-01-06T10:50:24;Extension;Codes specifically reserved for testing ;2021-01-06T16:55:15
7;46229;monetize;Holy See (Vatican City State) Computer;81416;96199;Towels Soft;Grocery intranet Malaysian Ringgit;2021-01-06T19:10:00;project hacking revolutionize;CSS program;2021-01-06T04:41:35
8;27802;synthesize;Rustic Cotton Table multi-byte;28033;95262;Shoes Salad best-of-breed;deposit;2021-01-06T07:44:55;neural online;background;2021-01-06T03:58:20
9;51447;Chilean Peso Unidades de fomento Quality;Versatile Barbados Metrics;77416;28071;Fresh hybrid parse;fuchsia;2021-01-06T18:40:08;Generic Granite Cheese;programming solution-oriented Connecticu;2021-01-06T13:00:27
10;91117;iterate visionary;Plastic Investment Account;13325;25077;Awesome Plastic Tuna indigo;Steel;2021-01-06T22:01:27;program Outdoors Central;copying;2021-01-06T07:03:45
