id;service_id;note_order;env_name;env_describe;branch_name;image_tag;service_version;status;service_port;entrance_url;api_url;del_flag;create_by_id;create_by_name;create_time;last_modifier_id;last_modifier_name;last_modify_time
1;74935;1282;deposit;copying;viral;Auto Loan Account United Arab Emirates neutral;innovative Pataca attitude-oriented;1045;14953;proactive Integration Germany;Table magnetic;97353;fuchsia connecting Incredible;synthesize seize;2021-01-07T01:46:57;Village Cheese Generic;Open-source solid st;2021-01-06T10:32:48
2;29375;52022;Investment Account Music;Shirt Center;Coordinator Bedfordshire magnetic;Synergistic;invoice feed;20634;90351;Refined Wooden Ball wireless;Shoes;67435;Response Senior Secured;Personal Loan Accoun;2021-01-07T02:14:52;Re-contextualized Trail Barbados;Croatian Kuna Finlan;2021-01-06T18:53:18
3;98152;32156;facilitate convergence Practical Wooden ;initiative payment;virtual cohesive help-desk;bus Gorgeous Ergonomic Cotton Pants;Administrator;56869;34588;Zloty Metal;indexing neural Berkshire;24347;communities;Plains;2021-01-06T09:48:32;Vision-oriented;gold FTP protocol;2021-01-06T18:30:14
4;96789;72818;Qatari Rial;payment;Intelligent Rubber Tuna;adapter Coordinator;Vanuatu;34342;49911;Borders Wooden IB;architect Technician Avon;3547;back-end cross-platform Intelligent;withdrawal Auto Loan;2021-01-06T10:47:15;Integrated;Integration Guatemal;2021-01-07T01:30:40
5;21379;50702;Up-sized Tennessee;orchid;Saint Kitts and Nevis;maximized Berkshire;Public-key;85914;7629;red;Mouse port navigating;84605;Ergonomic Upgradable Surinam Dollar;input calculate;2021-01-07T00:23:45;Hat Small Plastic Chips;migration Orchestrat;2021-01-06T21:46:22
6;26566;16264;Fiji Dollar;Usability Auto Loan Account;Sleek Wooden Pants program;Customer-focused lime TCP;Plastic;4322;93942;Central Small Concrete Sausages;Specialist Gorgeous Concrete Soap;2649;system-worthy;Research Strategist;2021-01-06T14:12:11;Berkshire Rustic Ergonomic Granite Bike;parse maximized;2021-01-06T05:10:46
7;86226;58374;Product Divide New Hampshire;New Mexico content Washington;parsing mission-critical Maine;Technician Haven homogeneous;Granite Bedfordshire;77953;78818;parsing Afghani;invoice Director mobile;83336;Marshall Islands relationships ADP;Awesome Plastic Soap;2021-01-07T00:18:21;invoice Personal Loan Account Automotive;overriding;2021-01-06T07:54:51
8;78609;96451;Central Camp recontextualize;Security;knowledge base District;Generic;data-warehouse;42791;36021;upward-trending;payment;83119;withdrawal matrix;Louisiana;2021-01-06T06:57:33;architectures;Unbranded Steel Mous;2021-01-06T11:26:42
9;3409;75584;intangible Orchestrator red;Shirt Lead;Kids invoice;digital Refined;index;1213;2522;Handcrafted Applications Shoes;Toys pink orchid;13416;connecting;Gorgeous technologie;2021-01-06T02:53:57;Concrete;e-commerce Quality-f;2021-01-07T02:37:06
10;54901;72078;Home Awesome Rubber Ball;Alaska Corners Functionality;system;back-end;Producer transitional;66800;98832;Auto Loan Account Consultant Mountain;functionalities deposit connecting;55392;Unbranded;Intelligent compress;2021-01-06T07:05:13;calculate Towels;microchip;2021-01-06T05:45:11
