id;service_id;content;content_content_type;message;guid;del_flag;create_by_id;create_by_name;create_time;last_modifier_id;last_modifier_name;last_modify_time
1;29193;../fake-data/blob/hipster.png;image/png;Manager Marketing;Avon matrix 1080p;49674;Soft Checking Account;Facilitator Pants;2021-01-06T07:45:07;Somoni Intelligent Fresh Hat;pixel Rhode Island;2021-01-06T22:09:25
2;82928;../fake-data/blob/hipster.png;image/png;quantify;Program hack morph;49565;tan;archive;2021-01-06T22:31:46;deposit;Bedfordshire Handmade grey;2021-01-06T06:50:30
3;33994;../fake-data/blob/hipster.png;image/png;Polarised implementation;Unbranded Ergonomic Steel Towels;51897;HTTP;neural contingency Sleek;2021-01-06T23:56:13;Metal Automotive;Solutions Buckinghamshire;2021-01-07T01:36:15
4;19483;../fake-data/blob/hipster.png;image/png;synthesizing Credit Card Account black;Rustic Cotton Chips Rubber Alabama;36152;Trail;primary;2021-01-06T12:09:23;Namibia Consultant portals;Cambridgeshire pixel;2021-01-06T16:21:17
5;50499;../fake-data/blob/hipster.png;image/png;Technician Berkshire Buckinghamshire;embrace;77336;Administrator object-oriented;Kids Concrete Credit Card Account;2021-01-06T23:46:18;next-generation;invoice;2021-01-06T12:56:39
6;26970;../fake-data/blob/hipster.png;image/png;online methodical gold;application migration;97;pink integrated;eco-centric;2021-01-06T04:41:56;viral;Tuna bypassing;2021-01-06T15:38:17
7;48717;../fake-data/blob/hipster.png;image/png;quantifying Assistant;supply-chains;11713;Computers Outdoors;Tools Michigan;2021-01-06T20:29:21;Fantastic Metal Chips International;navigate microchip Comoro Franc;2021-01-06T13:42:55
8;93000;../fake-data/blob/hipster.png;image/png;Tuna;Jewelery Unbranded Plastic Keyboard firm;7572;parsing Uganda Shilling;index Awesome Metal Mouse;2021-01-06T07:58:17;Borders transmitter;Estate Cambridgeshire Surinam Dollar;2021-01-06T16:49:09
9;29654;../fake-data/blob/hipster.png;image/png;Cambridgeshire Frozen Ridges;synergistic bottom-line e-business;77314;circuit;North Carolina Automotive;2021-01-06T12:46:31;sensor magnetic interfaces;Infrastructure;2021-01-06T15:07:36
10;16787;../fake-data/blob/hipster.png;image/png;benchmark;connecting Lead;63510;Handcrafted Cotton Chips Bedfordshire;Salad Monaco Shoes;2021-01-07T02:44:59;purple;Refined Steel Table systemic Personal Lo;2021-01-06T22:29:08
